{"nodes":{"node:1":{"location":{"x":285,"y":212}},"node:12":{"location":{"x":-114,"y":293}},"node:39":{"location":{"x":253,"y":42}},"node:50":{"location":{"x":-482,"y":218}},"node:62":{"location":{"x":148,"y":368}},"node:69":{"location":{"x":120,"y":487}},"node:78":{"location":{"x":64,"y":189}},"node:86":{"location":{"x":439,"y":439}}},"selection":null,"view":{"scroll":{"x":-312.78466796875,"y":-87.1440505981445312},"visible_rect":{"max":{"x":703.607666015625,"y":605.927978515625},"min":{"x":-156.392333984375,"y":-43.5720252990722656}},"zoom":2}}