{"nodes":{"node:1":{"location":{"x":706,"y":532}},"node:12":{"location":{"x":274,"y":295}},"node:39":{"location":{"x":1051,"y":544}},"node:48":{"location":{"x":117,"y":-36}},"node:57":{"location":{"x":578,"y":48}},"node:61":{"location":{"x":808,"y":349}},"node:70":{"location":{"x":580,"y":346}},"node:77":{"location":{"x":580,"y":266}},"node:91":{"location":{"x":1079,"y":356}}},"selection":null,"view":{"scroll":{"x":48.9459915161132812,"y":-369.2564697265625},"visible_rect":{"max":{"x":1415.1571044921875,"y":743.794921875},"min":{"x":39.15679931640625,"y":-295.40521240234375}},"zoom":1.2499997615814209}}