{"nodes":{"node:1":{"location":{"x":914,"y":168}},"node:18":{"location":{"x":0,"y":0}},"node:51":{"location":{"x":370,"y":-31}}},"selection":null,"view":{"scroll":{"x":-35.9889907836914062,"y":-226.539505004882812},"visible_rect":{"max":{"x":965.34808349609375,"y":573.9473876953125},"min":{"x":-47.9853248596191406,"y":-302.052703857421875}},"zoom":0.749999940395355225}}