{"nodes":{"node:1":{"location":{"x":706,"y":532}},"node:12":{"location":{"x":-45,"y":165}},"node:39":{"location":{"x":946,"y":410}},"node:48":{"location":{"x":104,"y":27}},"node:57":{"location":{"x":258,"y":272}}},"selection":null,"view":{"scroll":{"x":779.11279296875,"y":147.188690185546875},"visible_rect":{"max":{"x":1249.556396484375,"y":723.0943603515625},"min":{"x":389.556396484375,"y":73.5943450927734375}},"zoom":2}}