{"nodes":{"node:1":{"location":{"x":56,"y":410}},"node:6":{"location":{"x":56,"y":-12}}},"selection":null,"view":{"scroll":{"x":-34.0941390991210938,"y":-194.33453369140625},"visible_rect":{"max":{"x":1142.5413818359375,"y":616.88739013671875},"min":{"x":-45.4588623046875,"y":-259.112762451171875}},"zoom":0.749999821186065674}}