{"nodes":{"node:0":{"location":{"x":226,"y":138}},"node:34":{"location":{"x":-93,"y":235}},"node:9":{"location":{"x":-237,"y":0}}},"selection":null,"view":{"scroll":{"x":-295.560943603515625,"y":-175.08013916015625},"visible_rect":{"max":{"x":598.43975830078125,"y":497.92041015625},"min":{"x":-295.561248779296875,"y":-175.080322265625}},"zoom":0.999998927116394043}}