{"nodes":{"node:1":{"location":{"x":1408,"y":1034}},"node:10":{"location":{"x":210,"y":391}},"node:35":{"location":{"x":0,"y":0}},"node:44":{"location":{"x":0,"y":154}},"node:53":{"location":{"x":562,"y":285}},"node:58":{"location":{"x":514,"y":432}},"node:65":{"location":{"x":769,"y":458}}},"selection":["node:58"],"view":{"scroll":{"x":-216.05230712890625,"y":-197.76165771484375},"visible_rect":{"max":{"x":1111.94775390625,"y":948.23834228515625},"min":{"x":-216.05230712890625,"y":-197.76165771484375}},"zoom":1}}