{"nodes":{"node:0":{"location":{"x":226,"y":138}},"node:34":{"location":{"x":-13,"y":0}},"node:9":{"location":{"x":-237,"y":0}}},"selection":null,"view":{"scroll":{"x":-750.86962890625,"y":-319.7642822265625},"visible_rect":{"max":{"x":313.252166748046875,"y":336.894287109375},"min":{"x":-300.347869873046875,"y":-127.905715942382812}},"zoom":2.5}}