{"nodes":{"node:1":{"location":{"x":682,"y":343}},"node:10":{"location":{"x":-237,"y":154}},"node:35":{"location":{"x":-77,"y":16}},"node:38":{"location":{"x":82,"y":77}},"node:43":{"location":{"x":82,"y":77}},"node:48":{"location":{"x":114,"y":205}},"node:53":{"location":{"x":368,"y":176}},"node:59":{"location":{"x":386,"y":311}}},"selection":["link:76"],"view":{"scroll":{"x":201.134124755859375,"y":31.4554290771484375},"visible_rect":{"max":{"x":1092.1341552734375,"y":688.4554443359375},"min":{"x":201.134124755859375,"y":31.4554290771484375}},"zoom":1}}