{"nodes":{"node:1":{"location":{"x":1408,"y":1034}},"node:10":{"location":{"x":450,"y":165}},"node:35":{"location":{"x":0,"y":0}},"node:44":{"location":{"x":0,"y":154}}},"selection":null,"view":{"scroll":{"x":-283.24847412109375,"y":-224.164840698242188},"visible_rect":{"max":{"x":1145.781982421875,"y":948.23895263671875},"min":{"x":-249.88690185546875,"y":-197.762252807617188}},"zoom":1.1335066556930542}}